{
  "baseline_stats": {
    "base_price": {
      "mean": 302.0025634765625,
      "std": 127.36326599121094,
      "min": 35.86000061035156,
      "max": 483.5,
      "q25": 192.88999938964844,
      "q50": 342.1499938964844,
      "q75": 401.510009765625
    },
    "cost": {
      "mean": 181.97071838378906,
      "std": 79.73454284667969,
      "min": 23.6200008392334,
      "max": 344.5799865722656,
      "q25": 121.62999725341797,
      "q50": 183.05999755859375,
      "q75": 257.3500061035156
    },
    "shelf_life_days": {
      "mean": 216.47759152390753,
      "std": 137.18259532418725,
      "min": 14.0,
      "max": 365.0,
      "q25": 90.0,
      "q50": 90.0,
      "q75": 365.0
    },
    "min_order_qty": {
      "mean": 27.929821021408827,
      "std": 18.202530697512,
      "min": 6.0,
      "max": 48.0,
      "q25": 12.0,
      "q50": 24.0,
      "q75": 48.0
    },
    "lead_time_days": {
      "mean": 8.036618811248546,
      "std": 3.897922786816387,
      "min": 2.0,
      "max": 13.0,
      "q25": 5.0,
      "q50": 8.0,
      "q75": 12.0
    },
    "launch_phase_days": {
      "mean": 180.0,
      "std": 1.0,
      "min": 180.0,
      "max": 180.0,
      "q25": 180.0,
      "q50": 180.0,
      "q75": 180.0
    },
    "decline_phase_days": {
      "mean": 39.7126657115761,
      "std": 44.68831810557006,
      "min": 0.0,
      "max": 90.0,
      "q25": 0.0,
      "q50": 0.0,
      "q75": 90.0
    },
    "population_base": {
      "mean": 86197.01518224069,
      "std": 27715.283010638013,
      "min": 41060.0,
      "max": 150000.0,
      "q25": 72448.0,
      "q50": 79620.0,
      "q75": 100000.0
    },
    "income_index_base": {
      "mean": 0.9679983854293823,
      "std": 0.19384856522083282,
      "min": 0.7069815993309021,
      "max": 1.5,
      "q25": 0.819551408290863,
      "q50": 0.9461918473243713,
      "q75": 1.100000023841858
    },
    "annual_growth_rate": {
      "mean": 0.008519425988197327,
      "std": 0.0051293447613716125,
      "min": -0.004635563585907221,
      "max": 0.019999999552965164,
      "q25": 0.004999999888241291,
      "q50": 0.00800000037997961,
      "q75": 0.011289369314908981
    },
    "income_growth_rate": {
      "mean": 0.004259712994098663,
      "std": 0.0025646723806858063,
      "min": -0.0023177817929536104,
      "max": 0.009999999776482582,
      "q25": 0.0024999999441206455,
      "q50": 0.004000000189989805,
      "q75": 0.005644684657454491
    },
    "storage_capacity_units": {
      "mean": 20748.498458907565,
      "std": 12848.698349238184,
      "min": 5487.0,
      "max": 47057.0,
      "q25": 9237.0,
      "q50": 20336.0,
      "q75": 34316.0
    },
    "cold_storage_available": {
      "mean": 0.799826133161148,
      "std": 0.40013050931010014,
      "min": 0.0,
      "max": 1.0,
      "q25": 1.0,
      "q50": 1.0,
      "q75": 1.0
    },
    "price": {
      "mean": 296.6688232421875,
      "std": 126.92337799072266,
      "min": 26.729999542236328,
      "max": 483.5,
      "q25": 154.77000427246094,
      "q50": 318.9599914550781,
      "q75": 401.510009765625
    },
    "promo_flag": {
      "mean": 0.07869576329896352,
      "std": 0.2692634418071848,
      "min": 0.0,
      "max": 1.0,
      "q25": 0.0,
      "q50": 0.0,
      "q75": 0.0
    },
    "opening_stock": {
      "mean": 126922.84196782287,
      "std": 90657.59001265385,
      "min": 1.0,
      "max": 383485.0,
      "q25": 51913.0,
      "q50": 111879.5,
      "q75": 184507.0
    },
    "stockout_flag": {
      "mean": 0.003384013667211472,
      "std": 0.05807378887277218,
      "min": 0.0,
      "max": 1.0,
      "q25": 0.0,
      "q50": 0.0,
      "q75": 0.0
    },
    "waste_spoiled": {
      "mean": 0.004381141669525212,
      "std": 0.1880256816084983,
      "min": 0.0,
      "max": 31.0,
      "q25": 0.0,
      "q50": 0.0,
      "q75": 0.0
    },
    "lead_time_actual": {
      "mean": 8.067921568231805,
      "std": 3.925509596115091,
      "min": 2.0,
      "max": 14.0,
      "q25": 5.0,
      "q50": 8.0,
      "q75": 12.0
    },
    "year": {
      "mean": 2009.9483788682849,
      "std": 3.986801528312512,
      "min": 2004.0,
      "max": 2017.0,
      "q25": 2006.0,
      "q50": 2010.0,
      "q75": 2013.0
    },
    "__target__": {
      "mean": 76.52918243408203,
      "std": 617.6729125976562
    }
  },
  "critical_features": [
    "base_price",
    "cost",
    "shelf_life_days",
    "min_order_qty",
    "lead_time_days",
    "launch_phase_days",
    "decline_phase_days",
    "population_base",
    "income_index_base",
    "annual_growth_rate",
    "income_growth_rate",
    "storage_capacity_units",
    "cold_storage_available",
    "price",
    "promo_flag",
    "opening_stock",
    "stockout_flag",
    "waste_spoiled",
    "lead_time_actual",
    "year"
  ],
  "drift_threshold": 0.15,
  "timestamp": "2025-12-18T15:13:40.842920"
}